"PeaksTested","RunTime","Model"
3,0.731999999999971,"MOCHA"
229,13.5,"MOCHA"
4210,14.4799999999996,"MOCHA"
20966,18.5030000000006,"MOCHA"
55251,25.5309999999999,"MOCHA"
110009,49.9109999999991,"MOCHA"
162531,78.7739999999994,"MOCHA"
190779,97.3919999999998,"MOCHA"
204103,109.938,"MOCHA"
